{"cameraMode":{"drawMode":0,"name":"Shaded","section":"Shading Mode"},"sceneLighting":true,"audioPlay":false,"sceneViewState":{"m_AlwaysRefresh":false,"showFog":true,"showSkybox":true,"showFlares":true,"showImageEffects":true,"showParticleSystems":true,"showVisualEffectGraphs":true,"m_FxEnabled":true},"in2DMode":false,"pivot":{"x":506.5074157714844,"y":297.9228820800781,"z":84.52058410644531},"rotation":{"x":0.002996934112161398,"y":-0.04498466104269028,"z":0.0001349343656329438,"w":0.9989845156669617},"size":419.8822021484375,"orthographic":false}