{"cameraMode":{"drawMode":0,"name":"Shaded","section":"Shading Mode"},"sceneLighting":false,"audioPlay":false,"sceneViewState":{"m_AlwaysRefresh":false,"showFog":true,"showSkybox":false,"showFlares":true,"showImageEffects":true,"showParticleSystems":true,"showVisualEffectGraphs":true,"m_FxEnabled":true},"in2DMode":false,"pivot":{"x":0.04146289825439453,"y":-0.3734768331050873,"z":0.0775601863861084},"rotation":{"x":0.10025140643119812,"y":-0.8995380401611328,"z":0.29013171792030337,"w":0.3108246624469757},"size":5.444522857666016,"orthographic":false}