{"cameraMode":{"drawMode":0,"name":"Shaded","section":"Shading Mode"},"sceneLighting":false,"audioPlay":false,"sceneViewState":{"m_AlwaysRefresh":false,"showFog":true,"showSkybox":false,"showFlares":true,"showImageEffects":true,"showParticleSystems":true,"showVisualEffectGraphs":true,"m_FxEnabled":true},"in2DMode":false,"pivot":{"x":-1.8412561416625977,"y":1.2475659847259522,"z":-0.4257659912109375},"rotation":{"x":-0.03927170857787132,"y":0.8016599416732788,"z":-0.052985090762376788,"w":-0.5941409468650818},"size":5.7046589851379398,"orthographic":false}