{"cameraMode":{"drawMode":0,"name":"Shaded","section":"Shading Mode"},"sceneLighting":true,"audioPlay":false,"sceneViewState":{"m_AlwaysRefresh":false,"showFog":true,"showSkybox":true,"showFlares":true,"showImageEffects":true,"showParticleSystems":true,"showVisualEffectGraphs":true,"m_FxEnabled":true},"in2DMode":false,"pivot":{"x":408.3022766113281,"y":541.488525390625,"z":382.9798278808594},"rotation":{"x":0.04648222029209137,"y":0.007492201868444681,"z":-0.0003483674954622984,"w":0.9988951086997986},"size":739.732177734375,"orthographic":false}